{
    "avg_prec": 0.5242842061483344,
    "roc_auc": 0.9436079897743098
}