{
    "avg_prec": 0.5469950044041604,
    "roc_auc": 0.9522027129817444
}