{
    "avg_prec": 0.49172472592388805,
    "roc_auc": 0.9256119197970124
}